{"lr": 0.01, "data_time": 0.0003022193908691406, "grad_norm": 7.002993249893189, "loss": 0.3230000019073486, "time": 0.3014582633972168, "epoch": 1, "iter": 72, "memory": 2927, "step": 72}
{"accuracy/top1": 92.65734100341797, "data_time": 0.6244830952750312, "time": 0.7362845208909776, "step": 1}
{"lr": 0.01, "data_time": 0.0003480672836303711, "grad_norm": 7.701311993598938, "loss": 0.2720874216407537, "time": 0.30225679874420164, "epoch": 2, "iter": 144, "memory": 2927, "step": 144}
{"accuracy/top1": 94.23077392578125, "data_time": 0.0034741727929366263, "time": 0.1050590715910259, "step": 2}
{"lr": 0.01, "data_time": 9.989738464355469e-05, "grad_norm": 5.227995371818542, "loss": 0.15697189420461655, "time": 0.3033034324645996, "epoch": 3, "iter": 216, "memory": 2927, "step": 216}
{"accuracy/top1": 93.70629119873047, "data_time": 0.00331450763501619, "time": 0.10455948428103798, "step": 3}
{"lr": 0.01, "data_time": 0.000851583480834961, "grad_norm": 5.303882467746734, "loss": 0.15197350718080999, "time": 0.3260218858718872, "epoch": 4, "iter": 288, "memory": 2927, "step": 288}
{"accuracy/top1": 94.40559387207031, "data_time": 0.0058961291062204465, "time": 0.11574311005441766, "step": 4}
{"lr": 0.01, "data_time": 0.0001985311508178711, "grad_norm": 4.519508278369903, "loss": 0.10729173552244901, "time": 0.3045583963394165, "epoch": 5, "iter": 360, "memory": 2927, "step": 360}
{"accuracy/top1": 94.93006896972656, "data_time": 0.003275758341739052, "time": 0.10519076648511384, "step": 5}
{"lr": 0.01, "data_time": 0.000433349609375, "grad_norm": 5.8160061001777645, "loss": 0.09829305056482554, "time": 0.304891300201416, "epoch": 6, "iter": 432, "memory": 2927, "step": 432}
{"accuracy/top1": 95.6293716430664, "data_time": 0.003605804945293226, "time": 0.10534664204246119, "step": 6}
{"lr": 0.01, "data_time": 0.00040323734283447265, "grad_norm": 6.188951161503792, "loss": 0.14814543649554252, "time": 0.30543928146362304, "epoch": 7, "iter": 504, "memory": 2927, "step": 504}
{"accuracy/top1": 95.45454406738281, "data_time": 0.003295597277189556, "time": 0.10556347746598094, "step": 7}
{"lr": 0.01, "data_time": 0.0003019571304321289, "grad_norm": 8.86929531097412, "loss": 0.16546588465571405, "time": 0.3049788475036621, "epoch": 8, "iter": 576, "memory": 2927, "step": 576}
{"accuracy/top1": 95.45454406738281, "data_time": 0.0033119728690699526, "time": 0.10529654904415733, "step": 8}
{"lr": 0.01, "data_time": 0.00039234161376953123, "grad_norm": 7.315215706825256, "loss": 0.1112758219242096, "time": 0.30510635375976564, "epoch": 9, "iter": 648, "memory": 2927, "step": 648}
{"accuracy/top1": 94.40559387207031, "data_time": 0.0037027534685636822, "time": 0.10601180478146202, "step": 9}
{"lr": 0.01, "data_time": 0.00011394023895263671, "grad_norm": 8.30025510787964, "loss": 0.1467347314581275, "time": 0.3059304475784302, "epoch": 10, "iter": 720, "memory": 2927, "step": 720}
{"accuracy/top1": 94.7552490234375, "data_time": 0.003619206579107987, "time": 0.10578454168219316, "step": 10}
{"lr": 0.01, "data_time": 0.00010013580322265625, "grad_norm": 11.688897585868835, "loss": 0.2335721805691719, "time": 0.3058945655822754, "epoch": 11, "iter": 792, "memory": 2927, "step": 792}
{"accuracy/top1": 94.93006896972656, "data_time": 0.003981577722649825, "time": 0.10640515779194079, "step": 11}
{"lr": 0.01, "data_time": 0.0003486156463623047, "grad_norm": 9.37793071269989, "loss": 0.18312870096415282, "time": 0.3257612228393555, "epoch": 12, "iter": 864, "memory": 2927, "step": 864}
{"accuracy/top1": 95.10489654541016, "data_time": 0.00556920704088713, "time": 0.11080784546701532, "step": 12}
{"lr": 0.01, "data_time": 0.0006593942642211914, "grad_norm": 7.721234765648842, "loss": 0.11499987640418112, "time": 0.3285944700241089, "epoch": 13, "iter": 936, "memory": 2927, "step": 936}
{"accuracy/top1": 95.80419921875, "data_time": 0.0052809338820608035, "time": 0.11031887405797054, "step": 13}
{"lr": 0.01, "data_time": 0.0007041215896606446, "grad_norm": 2.595835392177105, "loss": 0.05988870111759752, "time": 0.32870941162109374, "epoch": 14, "iter": 1008, "memory": 2927, "step": 1008}
{"accuracy/top1": 95.6293716430664, "data_time": 0.005788690165469521, "time": 0.11144526381241648, "step": 14}
{"lr": 0.01, "data_time": 0.0003942728042602539, "grad_norm": 8.042842912673951, "loss": 0.12682527285069228, "time": 0.3281301736831665, "epoch": 15, "iter": 1080, "memory": 2927, "step": 1080}
{"accuracy/top1": 95.10489654541016, "data_time": 0.006124295686420642, "time": 0.11089641169497841, "step": 15}
{"lr": 0.01, "data_time": 0.00030014514923095705, "grad_norm": 8.473701965808868, "loss": 0.19297010712325574, "time": 0.3106298685073853, "epoch": 16, "iter": 1152, "memory": 2927, "step": 1152}
{"accuracy/top1": 95.27972412109375, "data_time": 0.004004478454589844, "time": 0.10787801993520636, "step": 16}
{"lr": 0.01, "data_time": 0.0003003835678100586, "grad_norm": 8.182401913404465, "loss": 0.1926031280308962, "time": 0.3104360103607178, "epoch": 17, "iter": 1224, "memory": 2927, "step": 1224}
{"accuracy/top1": 95.80419921875, "data_time": 0.0039902360815750925, "time": 0.10759502963015907, "step": 17}
{"lr": 0.01, "data_time": 0.00029966831207275393, "grad_norm": 10.024746230244636, "loss": 0.25785315916873514, "time": 0.3135606050491333, "epoch": 18, "iter": 1296, "memory": 2927, "step": 1296}
{"accuracy/top1": 95.45454406738281, "data_time": 0.004270064203362716, "time": 0.10856312199642784, "step": 18}
{"lr": 0.01, "data_time": 0.00033929347991943357, "grad_norm": 9.755769275128841, "loss": 0.08391412872588262, "time": 0.31353044509887695, "epoch": 19, "iter": 1368, "memory": 2927, "step": 1368}
{"accuracy/top1": 96.15384674072266, "data_time": 0.004805276268406918, "time": 0.10842330832230418, "step": 19}
{"lr": 0.01, "data_time": 0.00010006427764892578, "grad_norm": 5.874587468802929, "loss": 0.07312002051621676, "time": 0.3136347055435181, "epoch": 20, "iter": 1440, "memory": 2927, "step": 1440}
{"accuracy/top1": 96.50349426269531, "data_time": 0.0038338083969919304, "time": 0.10864458586040296, "step": 20}
